{
  "accuracy": 0.875,
  "labels": [
    "Critical",
    "High",
    "Low",
    "Medium"
  ],
  "confusion_matrix": [
    [
      2,
      0,
      0,
      0
    ],
    [
      0,
      1,
      0,
      1
    ],
    [
      0,
      0,
      2,
      0
    ],
    [
      0,
      0,
      0,
      2
    ]
  ],
  "classification_report": {
    "Critical": {
      "precision": 1.0,
      "recall": 1.0,
      "f1-score": 1.0,
      "support": 2.0
    },
    "High": {
      "precision": 1.0,
      "recall": 0.5,
      "f1-score": 0.6666666666666666,
      "support": 2.0
    },
    "Low": {
      "precision": 1.0,
      "recall": 1.0,
      "f1-score": 1.0,
      "support": 2.0
    },
    "Medium": {
      "precision": 0.6666666666666666,
      "recall": 1.0,
      "f1-score": 0.8,
      "support": 2.0
    },
    "accuracy": 0.875,
    "macro avg": {
      "precision": 0.9166666666666666,
      "recall": 0.875,
      "f1-score": 0.8666666666666667,
      "support": 8.0
    },
    "weighted avg": {
      "precision": 0.9166666666666666,
      "recall": 0.875,
      "f1-score": 0.8666666666666667,
      "support": 8.0
    }
  }
}